Actual_ETA,Predicted_ETA,ETA_Error
0.0,28.721064,-28.7210636138916
0.0,18.465742,-18.465742111206055
288.0,-768.1388,1056.1387939453125
0.0,-0.43933466,0.4393346607685089
0.0,-167.83202,167.83201599121094
0.0,9.089839,-9.089838981628418
-96.0,22.813547,-118.81354713439941
-528.0,316.60596,-844.60595703125
0.0,-180.73883,180.73883056640625
0.0,-287.001,287.0010070800781
0.0,-5.9831758,5.983175754547119
144.0,153.40111,-9.401107788085938
0.0,-17.938232,17.938232421875
576.0,-694.5495,1270.5494995117188
48.0,62.380592,-14.380592346191406
0.0,9.758532,-9.75853157043457
0.0,-109.19994,109.19994354248047
0.0,-13.974079,13.974079132080078
-48.0,92.63882,-140.6388168334961
0.0,-12.307571,12.307571411132812
0.0,2129.338,-2129.337890625
3936.0,3538.7275,397.2724609375
168.0,-201.08426,369.0842590332031
0.0,34.340294,-34.340293884277344
-2136.0,-57.800014,-2078.1999855041504
576.0,-732.65265,1308.6526489257812
0.0,-0.4295686,0.4295685887336731
-2616.0,-2882.01,266.010009765625
0.0,-240.9216,240.92160034179688
0.0,20.848816,-20.84881591796875
0.0,75.43516,-75.4351577758789
-432.0,-141.15881,-290.8411865234375
480.0,-530.5295,1010.5294799804688
0.0,-22.227547,22.22754669189453
0.0,-57.03313,57.03313064575195
336.0,403.8458,-67.84579467773438
-408.0,-286.73657,-121.263427734375
-408.0,98.59449,-506.59449005126953
-2400.0,-328.83218,-2071.1678161621094
0.0,4.966683,-4.9666829109191895
-72.0,-114.507,42.50700378417969
-120.0,57.452705,-177.45270538330078
-24.0,91.94415,-115.94415283203125
-816.0,515.26904,-1331.26904296875
456.0,-85.402176,541.4021759033203
288.0,-475.11777,763.1177673339844
0.0,3.2441878,-3.244187831878662
-168.0,-910.9138,742.913818359375
-528.0,-482.41287,-45.587127685546875
240.0,-319.07053,559.0705261230469
0.0,28.769487,-28.769487380981445
0.0,-15.621009,15.62100887298584
-216.0,-308.38144,92.38143920898438
0.0,16.040003,-16.040002822875977
0.0,-704.42957,704.4295654296875
0.0,-4.390166,4.39016580581665
-120.0,13.323235,-133.32323455810547
0.0,18.393484,-18.393484115600586
0.0,30.310278,-30.310277938842773
0.0,-29.046186,29.046186447143555
0.0,-21.814278,21.81427764892578
1440.0,399.35995,1040.6400451660156
-1560.0,-911.29407,-648.7059326171875
-672.0,-414.85913,-257.140869140625
3048.0,-569.9476,3617.9475708007812
-648.0,131.70308,-779.7030792236328
264.0,39.739876,224.26012420654297
0.0,-29.272493,29.272493362426758
0.0,64.82892,-64.82891845703125
-1800.0,-1353.7012,-446.298828125
1008.0,647.45154,360.5484619140625
0.0,15.675104,-15.675104141235352
-864.0,-583.2543,-280.7457275390625
0.0,-403.33777,403.3377685546875
0.0,51.492794,-51.492794036865234
0.0,-16.773157,16.773157119750977
0.0,6.2833185,-6.283318519592285
0.0,-4.973285,4.97328519821167
-168.0,-194.4932,26.493194580078125
0.0,-2.568329,2.568329095840454
0.0,260.02594,-260.02593994140625
0.0,-7.209546,7.209546089172363
-936.0,-97.02633,-838.9736709594727
384.0,-92.01164,476.0116424560547
0.0,-4.5946245,4.5946245193481445
-408.0,-221.88972,-186.1102752685547
0.0,-723.9262,723.9262084960938
0.0,4.0620914,-4.06209135055542
0.0,-16.289864,16.28986358642578
-312.0,-230.46208,-81.53791809082031
3960.0,3382.6921,577.307861328125
0.0,-17.244003,17.244003295898438
0.0,-10.423344,10.423343658447266
0.0,-129.95227,129.9522705078125
0.0,-0.22512464,0.22512464225292206
-624.0,-645.03625,21.0362548828125
24.0,-150.27997,174.27996826171875
0.0,-6.6612744,6.661274433135986
24.0,29.751278,-5.751277923583984
816.0,211.56189,604.4381103515625
0.0,-13.288307,13.288307189941406
0.0,-0.19281572,0.19281572103500366
0.0,-80.80008,80.80007934570312
-360.0,-1248.4309,888.430908203125
120.0,185.68678,-65.68678283691406
1008.0,546.7611,461.2388916015625
0.0,338.74045,-338.7404479980469
0.0,-15.434265,15.43426513671875
0.0,57.280964,-57.28096389770508
-2712.0,-2815.0493,103.04931640625
216.0,30.908867,185.09113311767578
0.0,-5.4392033,5.439203262329102
144.0,-101.747406,245.74740600585938
0.0,7.100532,-7.100532054901123
-384.0,-244.81026,-139.1897430419922
0.0,-20.078978,20.078977584838867
0.0,-0.055348694,0.05534869432449341
0.0,3.5944464,-3.5944464206695557
-96.0,6.2761173,-102.2761173248291
0.0,57.25015,-57.25014877319336
0.0,5.765602,-5.765602111816406
0.0,242.73119,-242.73118591308594
0.0,6.7527905,-6.752790451049805
0.0,-17.37275,17.37274932861328
0.0,29.248827,-29.24882698059082
0.0,161.25642,-161.2564239501953
0.0,-8.849735,8.849735260009766
0.0,-277.398,277.39801025390625
-336.0,-21.912046,-314.0879535675049
-1320.0,-797.3929,-522.6071166992188
0.0,-11.235287,11.235286712646484
-72.0,-231.96799,159.96798706054688
-192.0,-77.25301,-114.74698638916016
0.0,-32.31846,32.318458557128906
0.0,-12.27917,12.279170036315918
0.0,78.41742,-78.41741943359375
0.0,-5.870836,5.870835781097412
0.0,-258.16156,258.16156005859375
0.0,-253.1737,253.1737060546875
-216.0,258.08002,-474.08001708984375
0.0,12.758087,-12.758087158203125
-192.0,-640.83905,448.83905029296875
0.0,-5.0559773,5.0559773445129395
-144.0,-444.02872,300.0287170410156
0.0,667.15924,-667.1592407226562
-432.0,-573.5566,141.55657958984375
0.0,-14.430249,14.430249214172363
360.0,163.9836,196.0164031982422
720.0,-687.37585,1407.3758544921875
1800.0,315.13715,1484.8628540039062
0.0,-177.18904,177.1890411376953
0.0,-51.081436,51.08143615722656
0.0,77.88509,-77.88509368896484
0.0,18.12505,-18.125049591064453
0.0,15.4058485,-15.405848503112793
-96.0,-284.8317,188.83169555664062
-72.0,-336.91675,264.916748046875
-432.0,-326.40753,-105.59246826171875
-120.0,-520.16504,400.1650390625
0.0,6.763035,-6.763034820556641
0.0,-10.113037,10.113037109375
0.0,-6.887798,6.887797832489014
0.0,2.2159085,-2.2159085273742676
0.0,-4.70633,4.706329822540283
0.0,143.42575,-143.42575073242188
48.0,-292.38852,340.3885192871094
-144.0,-406.04294,262.0429382324219
-936.0,-939.49146,3.491455078125
-408.0,-534.7332,126.73321533203125
864.0,-194.01517,1058.0151672363281
456.0,91.893005,364.10699462890625
0.0,-220.34177,220.34176635742188
-1944.0,-343.96548,-1600.0345153808594
-864.0,-514.3032,-349.69677734375
-48.0,-295.0725,247.072509765625
0.0,-13.703705,13.703704833984375
-312.0,-362.72046,50.720458984375
-528.0,173.12408,-701.1240844726562
0.0,-110.14161,110.14160919189453
96.0,-201.05556,297.05555725097656
0.0,104.155655,-104.15565490722656
-384.0,-285.39343,-98.6065673828125
0.0,9.18232,-9.182319641113281
0.0,-268.3562,268.356201171875
288.0,-515.5915,803.5914916992188
0.0,19.218405,-19.21840476989746
0.0,21.856852,-21.85685157775879
0.0,20.088732,-20.08873176574707
-312.0,-328.87634,16.8763427734375
0.0,-21.25874,21.258739471435547
0.0,-4.9060507,4.906050682067871
0.0,-8.95431,8.954310417175293
0.0,-6.389211,6.389211177825928
0.0,-38.621338,38.621337890625
0.0,-56.863556,56.863555908203125
-648.0,-499.0625,-148.9375
408.0,117.250565,290.7494354248047
0.0,-297.21152,297.2115173339844
0.0,-28.633215,28.633214950561523
0.0,-9.04335,9.043350219726562
-192.0,-317.8408,125.84078979492188
0.0,29.89088,-29.890880584716797
0.0,-15.504284,15.504283905029297
0.0,81.133606,-81.13360595703125
0.0,18.321636,-18.321636199951172
0.0,9.833524,-9.833523750305176
816.0,304.4481,511.5519104003906
0.0,-39.754715,39.75471496582031
168.0,269.03976,-101.03976440429688
0.0,-15.808637,15.808636665344238
0.0,214.9165,-214.91650390625
0.0,-211.20607,211.20606994628906
-96.0,210.03966,-306.03965759277344
-552.0,-358.19165,-193.808349609375
0.0,-1.5996054,1.5996054410934448
0.0,-13.798867,13.798867225646973
-120.0,-209.70322,89.70321655273438
0.0,11.78609,-11.786089897155762
0.0,140.39212,-140.39212036132812
0.0,13.027971,-13.027971267700195
0.0,-11.779209,11.77920913696289
-312.0,-675.23206,363.2320556640625
72.0,-233.84395,305.8439483642578
-1632.0,-1333.0605,-298.939453125
0.0,9.209949,-9.209948539733887
0.0,5.5210586,-5.521058559417725
-216.0,-24.654905,-191.34509468078613
-384.0,-180.56062,-203.4393768310547
0.0,32.51593,-32.51593017578125
384.0,68.61043,315.3895721435547
0.0,-16.067366,16.067365646362305
-312.0,-344.93213,32.93212890625
0.0,-16.528418,16.528417587280273
0.0,46.368073,-46.368072509765625
0.0,-2.2104602,2.2104601860046387
-216.0,-495.77542,279.7754211425781
0.0,157.46437,-157.46437072753906
0.0,-6.076272,6.076272010803223
0.0,9.849473,-9.849472999572754
0.0,-5.7938337,5.7938337326049805
384.0,78.35115,305.6488494873047
0.0,2.989788,-2.989788055419922
0.0,41.0065,-41.006500244140625
-1704.0,-1465.3264,-238.673583984375
-1824.0,-1263.2115,-560.7884521484375
0.0,-278.8943,278.894287109375
0.0,-13.499295,13.499295234680176
-408.0,-233.79694,-174.20306396484375
0.0,-22.834753,22.834753036499023
264.0,-120.156555,384.15655517578125
-1728.0,76.06918,-1804.0691833496094
-864.0,-229.02998,-634.9700164794922
0.0,104.19884,-104.19883728027344
-1368.0,-835.8594,-532.140625
0.0,33.651203,-33.65120315551758
-504.0,-336.97937,-167.0206298828125
696.0,-1544.9583,2240.958251953125
0.0,-460.5786,460.57861328125
0.0,9.636316,-9.636316299438477
-984.0,-794.7214,-189.27862548828125
-648.0,-388.78708,-259.2129211425781
552.0,0.7706903,551.2293096780777
-1368.0,376.6761,-1744.6760864257812
0.0,17.354858,-17.3548583984375
-336.0,191.11618,-527.1161804199219
-168.0,-252.18813,84.18812561035156
0.0,-266.22827,266.228271484375
0.0,-14.878977,14.878976821899414
0.0,-19.0132,19.013200759887695
-360.0,-555.9546,195.95458984375
-1056.0,-457.78506,-598.2149353027344
-840.0,-179.59044,-660.4095611572266
0.0,13.654437,-13.654437065124512
0.0,6.167354,-6.167354106903076
0.0,-4.6761665,4.676166534423828
0.0,210.77518,-210.77517700195312
0.0,4.9505577,-4.950557708740234
0.0,1.4710636,-1.4710636138916016
-1128.0,-447.95862,-680.0413818359375
0.0,-3.2598114,3.2598114013671875
-144.0,-1211.7882,1067.7882080078125
-1680.0,-1486.6781,-193.3218994140625
0.0,-1.2858232,1.2858232259750366
144.0,111.285446,32.71455383300781
-144.0,-272.41107,128.41107177734375
-456.0,-279.09213,-176.90786743164062
-768.0,-321.7948,-446.2052001953125
480.0,-256.81335,736.8133544921875
-24.0,-1420.0486,1396.048583984375
0.0,256.00366,-256.003662109375
0.0,-5.7088957,5.708895683288574
0.0,-11.203615,11.203615188598633
-360.0,-204.07446,-155.925537109375
336.0,-86.989876,422.98987579345703
-96.0,-848.0572,752.0571899414062
0.0,-49.16265,49.16265106201172
-192.0,-185.04279,-6.95721435546875
1104.0,-492.4972,1596.4971923828125
216.0,-69.02461,285.0246124267578
168.0,106.85323,61.146766662597656
0.0,12.954692,-12.954691886901855
0.0,-24.941578,24.941577911376953
-984.0,-733.60974,-250.3902587890625
0.0,34.14695,-34.146949768066406
0.0,-14.802203,14.802203178405762
0.0,158.68398,-158.68397521972656
240.0,-89.84217,329.84217071533203
0.0,-16.397285,16.39728546142578
-312.0,-332.9225,20.9224853515625
-552.0,-560.70276,8.7027587890625
0.0,-4.112665,4.112665176391602
120.0,-76.412605,196.41260528564453
-384.0,130.81699,-514.8169860839844
-312.0,-1.9236113,-310.0763887166977
120.0,-55.811886,175.81188583374023
0.0,15.520621,-15.520621299743652
0.0,-14.090919,14.09091854095459
0.0,9.10871,-9.108710289001465
-24.0,-705.295,681.2949829101562
0.0,37.34029,-37.34029006958008
0.0,-12.83085,12.830849647521973
-648.0,-595.51404,-52.4859619140625
312.0,-123.38215,435.3821487426758
0.0,6.348892,-6.3488922119140625
0.0,12.376425,-12.376424789428711
0.0,3.1048465,-3.104846477508545
144.0,199.56216,-55.562164306640625
-816.0,-879.9633,63.96331787109375
-672.0,-251.67957,-420.3204345703125
-48.0,-265.97406,217.97406005859375
0.0,-66.74738,66.74738311767578
816.0,36.903255,779.0967445373535
0.0,2.7475457,-2.7475457191467285
0.0,8.738484,-8.738484382629395
-720.0,-172.1871,-547.8128967285156
96.0,-160.00981,256.0098114013672
-264.0,-376.59763,112.59762573242188
888.0,160.38078,727.6192169189453
0.0,-267.9305,267.9305114746094
48.0,-177.82745,225.82745361328125
0.0,-541.9304,541.930419921875
96.0,-121.27417,217.274169921875
480.0,240.02182,239.97817993164062
216.0,-54.699177,270.6991767883301
0.0,27.169628,-27.169628143310547
-336.0,-326.57605,-9.4239501953125
-432.0,-218.33397,-213.66603088378906
-984.0,-168.16887,-815.8311309814453
0.0,-344.53503,344.5350341796875
-384.0,-754.0087,370.00872802734375
0.0,5.765602,-5.765602111816406
-3120.0,-2589.525,-530.47509765625
-1488.0,-1307.8613,-180.138671875
0.0,2.5107183,-2.51071834564209
0.0,-156.2923,156.29229736328125
48.0,-310.75403,358.7540283203125
0.0,-10.534092,10.53409194946289
0.0,19.18717,-19.187170028686523
0.0,1.4885764,-1.4885764122009277
-192.0,-134.49753,-57.502471923828125
624.0,44.80714,579.1928596496582
0.0,-363.30145,363.30145263671875
-864.0,-738.31415,-125.68585205078125
0.0,-20.763393,20.76339340209961
0.0,-9.320128,9.320128440856934
0.0,127.14536,-127.1453628540039
0.0,0.83810115,-0.8381011486053467
120.0,27.814337,92.1856632232666
0.0,-4.22375,4.223750114440918
-48.0,123.29745,-171.29744720458984
0.0,-17.060875,17.060874938964844
0.0,-42.176826,42.17682647705078
0.0,-12.123179,12.12317943572998
-1032.0,128.58885,-1160.588851928711
0.0,22.243279,-22.24327850341797
-672.0,-458.34482,-213.65518188476562
-2496.0,-2370.0327,-125.96728515625
0.0,17.15555,-17.155550003051758
312.0,-128.79437,440.79437255859375
0.0,-318.27646,318.2764587402344
-1680.0,-749.68536,-930.3146362304688
0.0,34.08527,-34.085269927978516
-408.0,-331.25217,-76.74783325195312
0.0,-0.87807083,0.8780708312988281
-696.0,-283.28885,-412.7111511230469
0.0,-25.15731,25.157310485839844
-3120.0,-2723.2761,-396.723876953125
0.0,-743.9667,743.9666748046875
624.0,46.9887,577.0112991333008
0.0,42.50097,-42.50096893310547
0.0,-5.645402,5.645401954650879
0.0,126.39086,-126.39086151123047
-384.0,-53.14133,-330.85866928100586
-936.0,-375.56018,-560.4398193359375
336.0,118.22711,217.77288818359375
-264.0,-177.23552,-86.76448059082031
0.0,3.9933841,-3.9933841228485107
0.0,-208.70294,208.70294189453125
0.0,3.9911363,-3.991136312484741
96.0,-331.14713,427.1471252441406
-408.0,-398.9742,-9.025787353515625
384.0,-29.972694,413.97269439697266
-888.0,-721.706,-166.29400634765625
0.0,114.66887,-114.66886901855469
816.0,349.166,466.8340148925781
-456.0,-1505.3326,1049.3326416015625
0.0,33.83995,-33.83995056152344
0.0,-38.347084,38.347084045410156
0.0,-8.7292185,8.729218482971191
-3120.0,-2587.5754,-532.424560546875
-1944.0,-541.0797,-1402.9202880859375
-528.0,-255.28636,-272.71363830566406
-144.0,-2247.1355,2103.135498046875
-288.0,-170.2427,-117.75729370117188
0.0,-5.979289,5.9792890548706055
0.0,-3.127561,3.127561092376709
0.0,-1.7526731,1.7526731491088867
0.0,-64.5057,64.50569915771484
0.0,-31.327494,31.32749366760254
-168.0,-475.7326,307.73260498046875
-984.0,-40.971024,-943.0289764404297
0.0,-6.4849305,6.484930515289307
-1464.0,-458.75848,-1005.2415161132812
0.0,204.72415,-204.72415161132812
0.0,-2.642285,2.642285108566284
0.0,44.719402,-44.71940231323242
0.0,46.133076,-46.13307571411133
-1272.0,-451.87576,-820.1242370605469
0.0,8.402279,-8.402278900146484
0.0,-11.529808,11.529808044433594
-336.0,-589.3835,253.38348388671875
0.0,8.399237,-8.399236679077148
0.0,-6.317466,6.317465782165527
0.0,-12.655133,12.655133247375488
-144.0,-308.71448,164.7144775390625
1392.0,213.61354,1178.386459350586
0.0,12.841989,-12.841988563537598
-432.0,-362.89105,-69.10894775390625
0.0,-4.4448524,4.444852352142334
0.0,-14.357839,14.35783863067627
0.0,9.781319,-9.781318664550781
-336.0,-182.03668,-153.96331787109375
-168.0,280.41708,-448.4170837402344
0.0,354.36954,-354.3695373535156
48.0,2.7153249,45.28467512130737
-312.0,148.69202,-460.6920166015625
0.0,-5.0559773,5.0559773445129395
-672.0,-307.6267,-364.373291015625
-96.0,1.21029,-97.21028995513916
0.0,-111.99081,111.99080657958984
0.0,44.27306,-44.2730598449707
0.0,26.766195,-26.76619529724121
-1392.0,-312.6497,-1079.3503112792969
360.0,24.596323,335.40367698669434
0.0,266.93582,-266.9358215332031
120.0,-217.89868,337.898681640625
312.0,370.37488,-58.3748779296875
-744.0,-635.05035,-108.94964599609375
-48.0,-54.11466,6.114658355712891
0.0,21.456688,-21.456687927246094
-288.0,-139.46744,-148.53256225585938
24.0,-413.92664,437.9266357421875
0.0,-52.975456,52.97545623779297
0.0,-24.326725,24.326725006103516
-96.0,-232.53435,136.5343475341797
0.0,-10.411917,10.411916732788086
-672.0,-349.94824,-322.0517578125
0.0,-8.296356,8.296356201171875
0.0,-68.02766,68.02765655517578
0.0,-9.198914,9.19891357421875
0.0,-2.1312108,2.1312108039855957
216.0,-379.2952,595.2951965332031
0.0,-7.5975327,7.597532749176025
264.0,-94.60024,358.6002426147461
0.0,-5.51391,5.513909816741943
0.0,105.73287,-105.73287200927734
-8928.0,-408.35083,-8519.649169921875
0.0,-16.397285,16.39728546142578
0.0,-9.104303,9.104303359985352
-1464.0,-657.9654,-806.0346069335938
-144.0,-462.22504,318.22503662109375
0.0,-29.183594,29.18359375
0.0,-23.538712,23.538711547851562
0.0,184.02243,-184.02243041992188
744.0,152.81168,591.1883239746094
0.0,5.3876586,-5.387658596038818
0.0,37.21933,-37.219329833984375
0.0,-9.79675,9.79675006866455
-408.0,-313.2383,-94.76168823242188
0.0,66.85482,-66.85482025146484
0.0,12.67469,-12.674690246582031
0.0,-4.93006,4.930059909820557
0.0,17.03228,-17.03227996826172
0.0,-10.411917,10.411916732788086
0.0,-19.113832,19.113832473754883
168.0,-20.181187,188.1811866760254
0.0,-4.851517,4.851517200469971
0.0,-38.25107,38.251068115234375
0.0,48.951584,-48.95158386230469
0.0,-15.613434,15.613433837890625
-408.0,155.7157,-563.7156982421875
144.0,-111.76416,255.76416015625
-72.0,-130.12257,58.12257385253906
0.0,-95.692986,95.69298553466797
0.0,9.993965,-9.993965148925781
-648.0,-252.99551,-395.0044860839844
-24.0,-161.2767,137.27670288085938
-2112.0,-589.92944,-1522.070556640625
-240.0,-257.8715,17.871490478515625
0.0,-5.305316,5.305315971374512
-984.0,-474.13226,-509.86773681640625
0.0,-16.273443,16.2734432220459
-96.0,-500.95407,404.9540710449219
0.0,-7.180375,7.180375099182129
-1752.0,-606.37836,-1145.6216430664062
0.0,-6.728127,6.7281270027160645
-192.0,-371.303,179.30300903320312
0.0,23.541842,-23.541841506958008
-48.0,279.36005,-327.36004638671875
-48.0,-115.06656,67.06655883789062
-144.0,-884.1651,740.1651000976562
0.0,-208.13745,208.137451171875
0.0,-5.653959,5.653958797454834
0.0,-14.678987,14.678986549377441
1152.0,-178.46292,1330.4629211425781
0.0,-6.09841,6.098410129547119
0.0,-14.6365185,14.636518478393555
-1680.0,-1449.9977,-230.0023193359375
600.0,391.2559,208.74411010742188
-2400.0,-378.5623,-2021.4377136230469
0.0,-9.546438,9.546438217163086
0.0,-12.727277,12.727276802062988
-144.0,-243.21042,99.21041870117188
-504.0,-268.03467,-235.96533203125
-336.0,-433.91376,97.91375732421875
-432.0,-384.439,-47.561004638671875
0.0,-152.7981,152.798095703125
0.0,-29.811972,29.81197166442871
0.0,1.4511911,-1.4511910676956177
-48.0,112.62428,-160.62428283691406
0.0,0.89454997,-0.8945499658584595
0.0,-8.025948,8.025947570800781
-120.0,-110.66666,-9.333343505859375
-144.0,-429.47742,285.4774169921875
-504.0,-298.32907,-205.67092895507812
0.0,-10.616184,10.61618423461914
648.0,231.05695,416.94305419921875
0.0,12.201045,-12.201045036315918
0.0,-16.59021,16.5902099609375
0.0,30.46016,-30.460159301757812
24.0,-358.65503,382.655029296875
0.0,22.874174,-22.874174118041992
0.0,1.9948109,-1.994810938835144
-576.0,-198.5438,-377.4562072753906
-48.0,-661.55365,613.5536499023438
-672.0,-561.3515,-110.64849853515625
0.0,-5.070104,5.070104122161865
0.0,11.925918,-11.925917625427246
0.0,832.3122,-832.3121948242188
-408.0,-370.93854,-37.06146240234375
0.0,-8.1184435,8.118443489074707
0.0,3.530265,-3.5302650928497314
48.0,12.197996,35.80200386047363
0.0,8.012901,-8.012901306152344
0.0,58.589073,-58.589073181152344
0.0,14.832983,-14.832983016967773
-432.0,-114.74152,-317.2584762573242
-360.0,-255.53839,-104.46160888671875
0.0,2.064525,-2.0645248889923096
-192.0,-215.55035,23.55035400390625
0.0,-9.962737,9.962737083435059
0.0,-11.151473,11.151473045349121
-5280.0,-4963.5596,-316.4404296875
0.0,30.536634,-30.53663444519043
0.0,7.2622843,-7.262284278869629
-144.0,-196.1134,52.1134033203125
-360.0,-290.08502,-69.91497802734375
0.0,-4.2547307,4.254730701446533
0.0,-21.425293,21.42529296875
48.0,-13.071196,61.07119560241699
0.0,96.997475,-96.99747467041016
-648.0,-820.05084,172.05084228515625
0.0,-8.490211,8.49021053314209
0.0,-48.82363,48.823631286621094
-384.0,-323.14774,-60.852264404296875
0.0,-10.90013,10.900130271911621
-168.0,-208.0013,40.00129699707031
0.0,-9.198914,9.19891357421875
-1872.0,-1542.661,-329.3389892578125
3960.0,3314.6147,645.38525390625
0.0,3.9237843,-3.9237842559814453
48.0,-34.151997,82.15199661254883
0.0,19.25192,-19.251920700073242
0.0,37.804317,-37.804317474365234
-168.0,-316.41513,148.41513061523438
-72.0,-100.48575,28.485748291015625
72.0,-113.207466,185.20746612548828
-1416.0,-845.70544,-570.2945556640625
0.0,11.166788,-11.166788101196289
0.0,-14.018586,14.018586158752441
0.0,8.497807,-8.497806549072266
0.0,-4.973285,4.97328519821167
0.0,4.1005397,-4.100539684295654
0.0,-340.46423,340.4642333984375
0.0,-53.87868,53.87868118286133
0.0,27.2358,-27.23579978942871
0.0,27.165857,-27.165857315063477
0.0,-21.341505,21.34150505065918
0.0,-45.258926,45.25892639160156
0.0,-26.831837,26.831836700439453
-504.0,-253.4293,-250.57069396972656
0.0,-20.613453,20.613452911376953
0.0,14.222914,-14.22291374206543
0.0,-20.360527,20.36052703857422
0.0,22.848024,-22.848024368286133
0.0,13.438364,-13.438364028930664
-264.0,-381.84567,117.84567260742188
0.0,-272.54367,272.5436706542969
0.0,97.74786,-97.74786376953125
0.0,23.538301,-23.538301467895508
-528.0,-397.78995,-130.21005249023438
0.0,49.890755,-49.89075469970703
0.0,-9.780684,9.780684471130371
0.0,1.4654928,-1.465492844581604
-2136.0,-1330.484,-805.5159912109375
-552.0,-90.429695,-461.57030487060547
24.0,-137.59177,161.59176635742188
-144.0,-229.96983,85.96983337402344
0.0,-38.621338,38.621337890625
0.0,-14.139494,14.139493942260742
-432.0,-336.96884,-95.03115844726562
168.0,-85.294754,253.2947540283203
456.0,-395.66513,851.6651306152344
2112.0,2668.3418,-556.341796875
0.0,2.0643446,-2.064344644546509
-24.0,263.05588,-287.0558776855469
-2496.0,-2323.2324,-172.767578125
-288.0,-513.5197,225.51971435546875
456.0,26.452618,429.5473823547363
-480.0,-226.80542,-253.194580078125
-24.0,-206.15274,182.15274047851562
-240.0,-465.60733,225.60733032226562
0.0,22.925188,-22.925188064575195
-192.0,-386.65723,194.6572265625
-192.0,183.94937,-375.9493713378906
-264.0,-284.63925,20.639251708984375
1224.0,607.04834,616.95166015625
-24.0,445.79214,-469.7921447753906
0.0,24.728346,-24.72834587097168
0.0,20.999153,-20.99915313720703
-144.0,-481.39023,337.3902282714844
0.0,-6.1916337,6.191633701324463
-600.0,-218.30795,-381.6920471191406
0.0,-4.0377517,4.0377516746521
0.0,-60.950592,60.950592041015625
0.0,58.215866,-58.21586608886719
-960.0,-237.4558,-722.5442047119141
312.0,77.80869,234.1913070678711
0.0,14.768824,-14.768823623657227
-432.0,-267.7484,-164.2515869140625
24.0,628.30615,-604.30615234375
0.0,-10.289727,10.289727210998535
-576.0,-588.1706,12.17059326171875
-192.0,-186.30276,-5.697235107421875
-3144.0,-2874.5544,-269.445556640625
0.0,46.401054,-46.40105438232422
0.0,16.054737,-16.054737091064453
0.0,2.702911,-2.702910900115967
-48.0,-364.01154,316.01153564453125
-24.0,49.18027,-73.18027114868164
-744.0,-614.6169,-129.38311767578125
0.0,-2.03774,2.0377399921417236
0.0,-16.946238,16.946237564086914
0.0,1.8670434,-1.867043375968933
0.0,21.880346,-21.880346298217773
0.0,-10.519482,10.519481658935547
-192.0,-410.43384,218.433837890625
0.0,-4.9692497,4.969249725341797
0.0,19.854202,-19.854202270507812
-1848.0,-1405.6522,-442.3477783203125
-192.0,-341.1819,149.181884765625
-192.0,-473.77582,281.77581787109375
0.0,54.952606,-54.952606201171875
0.0,-20.30326,20.303260803222656
-408.0,-369.21713,-38.782867431640625
-1824.0,-1392.0944,-431.9056396484375
0.0,840.953,-840.9530029296875
0.0,-6.317466,6.317465782165527
0.0,1.4885764,-1.4885764122009277
0.0,117.71548,-117.7154769897461
-24.0,-434.935,410.93499755859375
3960.0,3242.2158,717.7841796875
-3216.0,-962.36505,-2253.6349487304688
0.0,-151.35036,151.35035705566406
0.0,17.962696,-17.962696075439453
-2976.0,-3087.3389,111.3388671875
0.0,-12.349636,12.34963607788086
72.0,-362.68,434.67999267578125
240.0,10.878304,229.12169647216797
0.0,45.25992,-45.259918212890625
-936.0,-429.99896,-506.00103759765625
0.0,-1.4578964,1.45789635181427
-192.0,-388.04636,196.04635620117188
1704.0,575.15344,1128.8465576171875
0.0,8.1953745,-8.195374488830566
-1704.0,63.8752,-1767.8751983642578
0.0,-2.0188377,2.0188376903533936
0.0,496.944,-496.9440002441406
0.0,-4.8390465,4.839046478271484
0.0,34.404507,-34.40450668334961
-3480.0,-1608.3978,-1871.6021728515625
0.0,-23.996872,23.996871948242188
336.0,8.617805,327.3821954727173
0.0,12.517827,-12.517827033996582
-24.0,-270.73825,246.73825073242188
-1632.0,-1608.3948,-23.605224609375
0.0,0.5496563,-0.5496562719345093
-432.0,-697.5823,265.582275390625
-840.0,-152.90863,-687.0913696289062
0.0,-2.0188377,2.0188376903533936
0.0,-26.423868,26.42386817932129
-504.0,-186.78735,-317.212646484375
0.0,-7.8720055,7.872005462646484
0.0,11.010666,-11.010665893554688
0.0,17.603426,-17.603425979614258
-2496.0,-2391.0967,-104.9033203125
-144.0,-306.50528,162.50527954101562
-792.0,140.90715,-932.9071502685547
-456.0,-393.31213,-62.6878662109375
0.0,1.0545794,-1.0545793771743774
-816.0,-1178.0493,362.04931640625
-144.0,-117.265915,-26.734085083007812
336.0,-141.52176,477.5217590332031
0.0,0.969633,-0.9696329832077026
-1632.0,-1888.3041,256.3040771484375
-168.0,-266.05234,98.05233764648438
-408.0,-318.06918,-89.93081665039062
0.0,-9.181519,9.1815185546875
-816.0,360.33414,-1176.3341369628906
144.0,9.874556,134.12544441223145
0.0,10.018342,-10.018342018127441
0.0,25.608244,-25.608243942260742
-456.0,-415.4161,-40.583892822265625
288.0,-416.83514,704.8351440429688
0.0,75.26502,-75.26502227783203
0.0,26.175745,-26.175745010375977
120.0,-256.52563,376.525634765625
0.0,19.331572,-19.331571578979492
0.0,156.75526,-156.75526428222656
0.0,10.681669,-10.681669235229492
0.0,-0.38391662,0.38391661643981934
0.0,-0.93734366,0.9373436570167542
-600.0,-149.85724,-450.14276123046875
0.0,-31.0972,31.097200393676758
0.0,-17.892931,17.89293098449707
-2400.0,-323.12744,-2076.87255859375
96.0,-387.39096,483.3909606933594
0.0,-6.6612744,6.661274433135986
1344.0,211.95668,1132.0433197021484
-3120.0,-2632.791,-487.208984375
0.0,-24.14351,24.143510818481445
0.0,-87.15921,87.15921020507812
0.0,-9.580786,9.580785751342773
0.0,-106.93594,106.93594360351562
336.0,-124.216736,460.21673583984375
-744.0,-536.17633,-207.82366943359375
0.0,0.5496563,-0.5496562719345093
-216.0,-358.24112,142.24111938476562
0.0,-521.1999,521.1998901367188
0.0,-25.707973,25.70797348022461
0.0,1.6156542,-1.6156542301177979
0.0,1.4511911,-1.4511910676956177
0.0,-6.8031144,6.803114414215088
-1704.0,-1561.3531,-142.6468505859375
0.0,-3.3128772,3.3128771781921387
-408.0,-337.7066,-70.29339599609375
-144.0,-122.350685,-21.649314880371094
216.0,-155.50708,371.507080078125
0.0,70.96135,-70.96134948730469
-456.0,-251.20009,-204.79991149902344
336.0,-222.46928,558.4692840576172
1632.0,356.5723,1275.4277038574219
-168.0,-19.610853,-148.38914680480957
0.0,12.867016,-12.867015838623047
0.0,20.530758,-20.530757904052734
0.0,-2.642285,2.642285108566284
0.0,-5.6898985,5.689898490905762
-1128.0,-89.58784,-1038.4121627807617
0.0,-3.6913946,3.691394567489624
-384.0,-435.7842,51.784210205078125
-1344.0,-565.18085,-778.8191528320312
0.0,30.810814,-30.810813903808594
-168.0,-448.47095,280.470947265625
-312.0,-188.16824,-123.83175659179688
0.0,-14.1122265,14.112226486206055
0.0,-119.15055,119.15055084228516
0.0,-72.63678,72.63677978515625
0.0,-8.275662,8.275662422180176
-2496.0,-2302.5625,-193.4375
0.0,-19.286303,19.28630256652832
0.0,1.6305326,-1.6305326223373413
0.0,55.829643,-55.82964324951172
0.0,50.452076,-50.45207595825195
0.0,-15.71838,15.718379974365234
0.0,9.430836,-9.430835723876953
-3000.0,-3012.0884,12.08837890625
-1008.0,-151.624,-856.3760070800781
-240.0,-208.9727,-31.027297973632812
0.0,9.90848,-9.908479690551758
-864.0,-215.39139,-648.6086120605469
0.0,-161.47841,161.47840881347656
-432.0,-114.28215,-317.7178497314453
144.0,75.89629,68.10370635986328
0.0,21.5501,-21.550100326538086
0.0,-9.736674,9.736674308776855
-1632.0,-642.6494,-989.3505859375
0.0,-26.315702,26.315702438354492
0.0,5.312595,-5.312594890594482
0.0,0.36945748,-0.369457483291626
-312.0,-50.390297,-261.60970306396484
0.0,-105.658325,105.6583251953125
-1320.0,41.745502,-1361.7455024719238
0.0,15.938406,-15.938405990600586
0.0,-45.567238,45.567237854003906
0.0,-3.0489602,3.0489602088928223
0.0,-23.522532,23.522531509399414
648.0,57.959663,590.0403366088867
0.0,82.294014,-82.29401397705078
-744.0,-415.09448,-328.905517578125
-192.0,-457.17673,265.1767272949219
0.0,-12.349636,12.34963607788086
0.0,-2.0188377,2.0188376903533936
0.0,-202.2216,202.2216033935547
96.0,93.07084,2.9291610717773438
0.0,385.64984,-385.64984130859375
528.0,56.79563,471.2043685913086
0.0,-3.4196556,3.4196555614471436
-192.0,-145.34799,-46.652008056640625
-504.0,-581.5516,77.55157470703125
-888.0,-401.85666,-486.1433410644531
0.0,9.505157,-9.505157470703125
-3192.0,-3067.7026,-124.29736328125
0.0,-18.429731,18.429731369018555
0.0,-32.619595,32.61959457397461
432.0,-1740.9713,2172.9713134765625
0.0,95.688675,-95.68867492675781
0.0,-113.58885,113.58885192871094
0.0,-5.51391,5.513909816741943
0.0,-1.2583073,1.2583073377609253
0.0,5.3731475,-5.373147487640381
-240.0,-593.56445,353.564453125
0.0,-3.1105156,3.110515594482422
-432.0,-249.9891,-182.01089477539062
-408.0,-211.52391,-196.47608947753906
72.0,-147.00418,219.00418090820312
-312.0,-358.3373,46.337310791015625
168.0,-229.58643,397.58642578125
-72.0,-682.6506,610.6505737304688
0.0,181.14053,-181.14053344726562
0.0,13.654437,-13.654437065124512
-744.0,-275.46933,-468.5306701660156
0.0,13.1974125,-13.197412490844727
-2208.0,-647.46643,-1560.5335693359375
0.0,-4.841795,4.841794967651367
-408.0,-256.08035,-151.91964721679688
0.0,-55.12827,55.12826919555664
0.0,-21.891195,21.89119529724121
-768.0,-645.4631,-122.53692626953125
-2232.0,-1709.315,-522.68505859375
-240.0,-158.49763,-81.50236511230469
-264.0,-454.1054,190.10540771484375
0.0,-2.8093085,2.8093085289001465
-480.0,379.06354,-859.0635375976562
-48.0,-377.78964,329.7896423339844
0.0,7.3545127,-7.354512691497803
-624.0,16.900877,-640.9008769989014
0.0,-93.542725,93.542724609375
-384.0,-246.7861,-137.21389770507812
-408.0,89.65564,-497.6556396484375
0.0,7.8640614,-7.86406135559082
0.0,37.161247,-37.16124725341797
0.0,-6.2236905,6.223690509796143
0.0,16.664658,-16.664657592773438
0.0,13.715109,-13.715108871459961
0.0,-29.737572,29.737571716308594
0.0,-2.568812,2.5688118934631348
0.0,-17.238382,17.23838233947754
504.0,224.71234,279.28765869140625
-192.0,-752.8393,560.8392944335938
24.0,-138.00407,162.0040740966797
0.0,-7.3133097,7.313309669494629
-3000.0,-3104.4453,104.4453125
48.0,9.396198,38.60380172729492
-3000.0,-3061.5273,61.52734375
528.0,16.122416,511.87758445739746
0.0,-27.442394,27.442394256591797
0.0,51.411797,-51.41179656982422
288.0,-289.96713,577.9671325683594
-1152.0,184.55423,-1336.5542297363281
24.0,-120.28792,144.2879180908203
-192.0,-298.59555,106.59555053710938
0.0,-14.115484,14.115484237670898
0.0,3.964057,-3.964056968688965
-1392.0,-1131.2043,-260.795654296875
0.0,-10.004402,10.004402160644531
0.0,8.689514,-8.68951416015625
0.0,-23.226208,23.226207733154297
-1344.0,-236.45172,-1107.5482788085938
-1560.0,-1523.2642,-36.73583984375
0.0,-492.94553,492.9455261230469
0.0,-4.9337425,4.933742523193359
-192.0,69.724594,-261.72459411621094
0.0,-33.717194,33.717193603515625
0.0,-17.87198,17.871980667114258
-456.0,-375.01413,-80.98587036132812
-768.0,-682.0515,-85.948486328125
-96.0,14.292769,-110.29276943206787
-192.0,7.0616684,-199.0616683959961
-2304.0,-576.1408,-1727.8591918945312
216.0,-66.89358,282.8935775756836
-648.0,-792.55896,144.5589599609375
0.0,-9.819856,9.819855690002441
-504.0,-226.11588,-277.8841247558594
-192.0,-151.74216,-40.257843017578125
-456.0,-317.20215,-138.7978515625
-432.0,-334.9607,-97.039306640625
120.0,-685.2057,805.2056884765625
0.0,4.1005397,-4.100539684295654
1224.0,-180.15773,1404.157730102539
-384.0,-201.67224,-182.3277587890625
-2016.0,-765.665,-1250.3350219726562
-192.0,-652.0817,460.08172607421875
0.0,-0.44739288,0.44739288091659546
-216.0,-10.403604,-205.59639644622803
0.0,6.655536,-6.65553617477417
-696.0,-635.6154,-60.38458251953125
0.0,-4.6304693,4.63046932220459
0.0,37.955647,-37.95564651489258
-120.0,-749.703,629.7030029296875
840.0,-67.78828,907.7882766723633
0.0,8.802499,-8.802498817443848
0.0,-170.43414,170.43414306640625
0.0,-16.916891,16.91689109802246
0.0,-4.6761665,4.676166534423828
0.0,-2.661716,2.6617159843444824
0.0,10.959417,-10.959417343139648
0.0,0.01237458,-0.012374579906463623
-432.0,-245.04765,-186.9523468017578
192.0,550.17365,-358.17364501953125
-144.0,-502.82254,358.8225402832031
-144.0,-192.24246,48.242462158203125
0.0,1.5935119,-1.593511939048767
0.0,48.716183,-48.716182708740234
-3120.0,-2675.6118,-444.38818359375
0.0,-27.246456,27.246456146240234
0.0,-81.9228,81.92279815673828
0.0,-24.65491,24.654909133911133
0.0,-66.725235,66.72523498535156
0.0,-13.699839,13.699838638305664
-600.0,-424.4761,-175.52389526367188
0.0,-113.104416,113.10441589355469
0.0,-5.85839,5.858389854431152
0.0,35.398567,-35.39856719970703
0.0,-3.320003,3.320003032684326
0.0,-4.70633,4.706329822540283
-432.0,275.01572,-707.0157165527344
0.0,-11.806855,11.806855201721191
0.0,378.24423,-378.2442321777344
0.0,2.7617602,-2.7617602348327637
0.0,-18.125542,18.12554168701172
0.0,-9.569703,9.569703102111816
-24.0,-173.08786,149.08786010742188
192.0,83.08007,108.91992950439453
0.0,-1.0606662,1.0606662034988403
0.0,4.1005397,-4.100539684295654
0.0,-22.395828,22.395828247070312
-456.0,-425.12387,-30.876129150390625
1344.0,290.25946,1053.7405395507812
0.0,-73.91038,73.9103775024414
0.0,-8.13499,8.134989738464355
0.0,9.899937,-9.89993667602539
-144.0,-437.08054,293.0805358886719
0.0,40.52827,-40.52827072143555
-264.0,88.73838,-352.7383804321289
-312.0,-283.4872,-28.512786865234375
0.0,-24.930292,24.9302921295166
456.0,-375.93475,831.9347534179688
-24.0,240.61453,-264.6145324707031
120.0,-38.891346,158.8913459777832
480.0,-57.238205,537.2382049560547
-912.0,110.56456,-1022.5645599365234
-1320.0,-773.4734,-546.526611328125
-3216.0,-1129.3575,-2086.6424560546875
0.0,-14.984053,14.984052658081055
0.0,-5.0559773,5.0559773445129395
-744.0,-994.672,250.6719970703125
-480.0,-746.5681,266.568115234375
0.0,3.3366022,-3.336602210998535
-2496.0,-2308.4116,-187.58837890625
0.0,23.699333,-23.69933319091797
0.0,-14.678987,14.678986549377441
-1560.0,-1349.9166,-210.0833740234375
0.0,3.635645,-3.6356449127197266
0.0,-14.146314,14.146313667297363
0.0,15.012806,-15.012805938720703
552.0,250.13612,301.86387634277344
-2712.0,-2757.5598,45.559814453125
0.0,557.79767,-557.7976684570312
0.0,-12.218737,12.21873664855957
1008.0,618.72015,389.27984619140625
-2616.0,-562.9675,-2053.032470703125
0.0,-8.161276,8.161275863647461
0.0,16.182196,-16.18219566345215
0.0,2.3800197,-2.3800196647644043
0.0,12.376425,-12.376424789428711
-912.0,-565.2211,-346.77886962890625
-1656.0,-455.47525,-1200.5247497558594
0.0,2.461275,-2.461275100708008
0.0,-3.177649,3.1776490211486816
0.0,-41.99951,41.99951171875
-24.0,-16.329796,-7.670204162597656
-744.0,-686.5614,-57.4385986328125
48.0,172.83737,-124.83737182617188
-1560.0,-388.59732,-1171.4026794433594
312.0,70.54449,241.45551300048828
1632.0,226.46182,1405.5381774902344
0.0,-2.7544482,2.754448175430298
0.0,-28.260157,28.260156631469727
0.0,7.0678487,-7.0678486824035645
0.0,-57.27594,57.27593994140625
0.0,-4.9646134,4.964613437652588
0.0,-312.68005,312.6800537109375
48.0,-354.6366,402.6365966796875
-5280.0,-4922.7803,-357.2197265625
0.0,-33.106445,33.1064453125
0.0,-14.430249,14.430249214172363
-528.0,-390.58014,-137.41986083984375
0.0,-9.198877,9.198877334594727
336.0,104.39196,231.60803985595703
0.0,-498.1054,498.10540771484375
0.0,-10.936929,10.936928749084473
96.0,-105.687874,201.68787384033203
0.0,-44.15925,44.15924835205078
-1080.0,-420.01614,-659.9838562011719
0.0,12.671117,-12.671116828918457
-816.0,-387.46088,-428.53912353515625
0.0,-10.704216,10.704216003417969
0.0,-32.91705,32.917049407958984
168.0,174.5275,-6.527496337890625
0.0,-5.6805067,5.680506706237793
0.0,123.10533,-123.10533142089844
72.0,60.32916,11.670841217041016
0.0,-23.74988,23.749879837036133
-5280.0,-4895.3784,-384.62158203125
0.0,-6.789506,6.789505958557129
336.0,-226.5031,562.5030975341797
0.0,3.681723,-3.681723117828369
0.0,-4.3509007,4.350900650024414
-120.0,-425.95236,305.9523620605469
0.0,0.12624702,-0.12624701857566833
0.0,-10.411917,10.411916732788086
3960.0,2244.469,1715.531005859375
0.0,6.762445,-6.762444972991943
-456.0,-269.52136,-186.4786376953125
0.0,2.5617647,-2.561764717102051
-168.0,-442.07486,274.0748596191406
-552.0,202.12782,-754.1278228759766
168.0,-749.0821,917.0820922851562
0.0,-185.30957,185.3095703125
0.0,-37.322853,37.322853088378906
0.0,-4.3137536,4.313753604888916
-456.0,-501.2406,45.2406005859375
-192.0,-598.6113,406.611328125
576.0,19.175753,556.8242473602295
-120.0,-263.9063,143.90631103515625
-1488.0,-790.7753,-697.2246704101562
120.0,-134.55952,254.5595245361328
0.0,-23.446365,23.446365356445312
0.0,-186.29202,186.29202270507812
0.0,-10.808461,10.80846118927002
336.0,-71.54517,407.54517364501953
-1584.0,-621.8114,-962.1885986328125
0.0,-7.358558,7.358558177947998
3936.0,2239.801,1696.198974609375
-648.0,-298.17447,-349.8255310058594
0.0,9.020618,-9.020618438720703
0.0,2.7636192,-2.7636191844940186
0.0,45.46983,-45.46982955932617
48.0,128.5167,-80.51669311523438
0.0,1.4885764,-1.4885764122009277
-144.0,-260.88998,116.88998413085938
0.0,-21.003965,21.003965377807617
0.0,-17.028025,17.028024673461914
0.0,-48.293365,48.293365478515625
0.0,206.51048,-206.51048278808594
0.0,4.6459227,-4.645922660827637
0.0,-302.05273,302.052734375
-8928.0,-332.15192,-8595.848083496094
3048.0,1304.1095,1743.8905029296875
0.0,-6.2068853,6.20688533782959
-696.0,-868.0174,172.01739501953125
0.0,-3.2332335,3.2332334518432617
3936.0,3186.4563,749.543701171875
0.0,231.69524,-231.6952362060547
-360.0,-525.6919,165.69189453125
-528.0,-294.96207,-233.03793334960938
0.0,-217.308,217.30799865722656
0.0,-5.8757567,5.875756740570068
-24.0,-615.89795,591.89794921875
0.0,-4.493492,4.493492126464844
0.0,-41.661785,41.66178512573242
384.0,56.857735,327.1422653198242
-120.0,-461.53442,341.534423828125
408.0,-47.38626,455.3862609863281
0.0,2.4302816,-2.430281639099121
0.0,-61.77833,61.7783317565918
0.0,432.59503,-432.59503173828125
-144.0,-175.44986,31.449859619140625
480.0,105.29581,374.7041931152344
-528.0,61.316822,-589.316822052002
0.0,-138.54968,138.5496826171875
-24.0,-416.34946,392.3494567871094
0.0,3.415141,-3.4151411056518555
0.0,1.1490039,-1.1490038633346558
-336.0,-294.72485,-41.275146484375
0.0,-10.238149,10.23814868927002
0.0,1.7759718,-1.77597177028656
-5280.0,-4948.1025,-331.8974609375
-72.0,-160.80145,88.80145263671875
0.0,-4.1859503,4.18595027923584
0.0,-14.325106,14.325105667114258
456.0,188.27278,267.7272186279297
-552.0,-426.67123,-125.32876586914062
480.0,66.92269,413.07730865478516
0.0,-1.9864173,1.986417293548584
0.0,40.800907,-40.800907135009766
-552.0,854.6318,-1406.6317749023438
-3192.0,-2342.161,-849.839111328125
-744.0,-445.43222,-298.5677795410156
-3144.0,-2675.385,-468.614990234375
-216.0,-239.15765,23.15765380859375
0.0,-283.20123,283.20123291015625
0.0,-11.220699,11.220699310302734
-96.0,-624.3232,528.3231811523438
-696.0,-242.54814,-453.4518585205078
0.0,-18.246744,18.24674415588379
0.0,-17.47799,17.477989196777344
-552.0,-333.07346,-218.92654418945312
0.0,87.17332,-87.1733169555664
-432.0,-272.34048,-159.65951538085938
-48.0,-98.418755,50.41875457763672
0.0,-99.06661,99.06661224365234
336.0,54.347855,281.6521453857422
0.0,-16.101833,16.10183334350586
0.0,4.1005397,-4.100539684295654
0.0,-9.648065,9.648064613342285
168.0,-32.079815,200.07981491088867
-48.0,-102.61913,54.61913299560547
0.0,6.367117,-6.367116928100586
0.0,-6.400506,6.400506019592285
0.0,20.13535,-20.13534927368164
-504.0,-1.812307,-502.1876929998398
0.0,-8.974698,8.974698066711426
-168.0,-471.7004,303.7004089355469
-1512.0,-648.4044,-863.5955810546875
-2232.0,-777.0114,-1454.9885864257812
0.0,-19.301731,19.30173110961914
-1512.0,-1304.6224,-207.3775634765625
120.0,-114.507164,234.50716400146484
0.0,9.598512,-9.598511695861816
312.0,-143.06322,455.06321716308594
0.0,57.618298,-57.6182975769043
-528.0,-51.90246,-476.09754180908203
-2304.0,-940.2509,-1363.7490844726562
0.0,8.950065,-8.950064659118652
-552.0,-461.94183,-90.05816650390625
0.0,4.0810995,-4.081099510192871
360.0,218.26027,141.73973083496094
0.0,178.45656,-178.45655822753906
0.0,0.98042643,-0.9804264307022095
0.0,18.394526,-18.3945255279541
48.0,-213.8814,261.8813934326172
0.0,-6.077411,6.07741117477417
0.0,18.417868,-18.41786766052246
0.0,-38.118164,38.1181640625
-2448.0,-1457.0203,-990.979736328125
0.0,12.822704,-12.822704315185547
0.0,-34.736145,34.73614501953125
120.0,-216.67534,336.6753387451172
384.0,-44.334305,428.3343048095703
-528.0,-315.65433,-212.34567260742188
-864.0,-665.36786,-198.63214111328125
120.0,-142.45145,262.4514465332031
-48.0,-401.8347,353.8346862792969
-96.0,338.32983,-434.329833984375
-264.0,-288.17398,24.173980712890625
-168.0,-514.72046,346.720458984375
0.0,-8.001927,8.001927375793457
-264.0,-847.4207,583.4207153320312
0.0,-45.330887,45.33088684082031
2424.0,340.2183,2083.781707763672
-408.0,-244.92627,-163.07373046875
0.0,-47.89488,47.89487838745117
696.0,-374.80478,1070.8047790527344
0.0,22.464184,-22.464183807373047
0.0,-18.348774,18.348773956298828
0.0,9.411596,-9.411596298217773
-1368.0,-846.5233,-521.4766845703125
0.0,-12.402799,12.402798652648926
-408.0,-376.24756,-31.75244140625
-1104.0,-34.594234,-1069.4057655334473
-72.0,311.64825,-383.64825439453125
-48.0,63.035675,-111.03567504882812
0.0,-6.172981,6.172980785369873
0.0,-561.8957,561.8956909179688
0.0,-15.658329,15.658329010009766
0.0,-3.3796573,3.37965726852417
0.0,-2.0409117,2.0409116744995117
0.0,-36.0025,36.002498626708984
-24.0,-38.492928,14.492927551269531
-696.0,-363.34814,-332.65185546875
-3192.0,-3070.2175,-121.782470703125
0.0,-6.5021853,6.502185344696045
-120.0,60.15654,-180.1565399169922
0.0,-11.09265,11.092650413513184
0.0,13.054006,-13.05400562286377
0.0,-14.783982,14.783982276916504
0.0,13.778595,-13.778594970703125
0.0,19.844702,-19.844701766967773
0.0,54.82763,-54.82762908935547
192.0,-206.70764,398.7076416015625
0.0,17.64052,-17.640520095825195
0.0,113.143166,-113.1431655883789
0.0,56.37101,-56.371009826660156
0.0,7.0411367,-7.041136741638184
0.0,-19.033998,19.033998489379883
0.0,-19.444742,19.44474220275879
0.0,0.052641034,-0.05264103412628174
0.0,-10.3780985,10.378098487854004
0.0,-17.260118,17.26011848449707
0.0,1.4301466,-1.43014657497406
0.0,-530.19366,530.1936645507812
0.0,-14.598159,14.598158836364746
-456.0,-404.5894,-51.410614013671875
0.0,-1.7526731,1.7526731491088867
0.0,9.2641,-9.264100074768066
0.0,-76.52689,76.52689361572266
-144.0,-344.1339,200.1339111328125
-1824.0,-831.1211,-992.87890625
0.0,2.8107517,-2.8107516765594482
-768.0,-496.1245,-271.87548828125
0.0,-18.006815,18.00681495666504
0.0,8.471193,-8.471193313598633
-672.0,-673.69885,1.6988525390625
0.0,-9.180745,9.180745124816895
-528.0,-228.32875,-299.67124938964844
0.0,-0.9556632,0.9556632041931152
-624.0,-475.98044,-148.01956176757812
0.0,9.519093,-9.519092559814453
-48.0,-179.04988,131.0498809814453
0.0,-6.681422,6.681422233581543
0.0,37.25217,-37.25217056274414
0.0,-0.4095568,0.4095568060874939
0.0,-120.550606,120.55060577392578
0.0,11.626568,-11.626567840576172
-264.0,-303.371,39.371002197265625
-2496.0,-2342.8215,-153.178466796875
0.0,472.99094,-472.9909362792969
0.0,-64.53228,64.53227996826172
0.0,1.4516486,-1.4516485929489136
0.0,14.503021,-14.503021240234375
-168.0,-281.5256,113.52560424804688
0.0,0.31922114,-0.3192211389541626
0.0,-46.53459,46.53459167480469
-2424.0,-483.82227,-1940.177734375
0.0,-0.13230023,0.1323002278804779
0.0,-10.239359,10.239358901977539
0.0,192.39346,-192.39346313476562
0.0,1.0277258,-1.0277258157730103
0.0,-3.4936695,3.4936695098876953
0.0,-478.81525,478.81524658203125
-96.0,-20.76499,-75.23501014709473
0.0,4.1005397,-4.100539684295654
0.0,-21.425293,21.42529296875
0.0,-12.753759,12.753759384155273
0.0,-22.879162,22.879161834716797
0.0,-323.16617,323.1661682128906
0.0,15.163414,-15.163414001464844
0.0,-237.07066,237.07066345214844
216.0,-40.73066,256.7306594848633
0.0,8.847839,-8.84783935546875
0.0,14.530626,-14.53062629699707
0.0,-7.8858013,7.885801315307617
0.0,-357.31534,357.3153381347656
0.0,614.5885,-614.5885009765625
0.0,18.260546,-18.26054573059082
-288.0,-361.6563,73.65631103515625
-72.0,-95.44369,23.443687438964844
0.0,24.142738,-24.142738342285156
0.0,57.151314,-57.15131378173828
744.0,201.94318,542.0568237304688
-3000.0,-2382.5735,-617.426513671875
0.0,-4.824677,4.824676990509033
-168.0,-511.7093,343.70928955078125
0.0,-139.91685,139.91685485839844
0.0,-4.8951054,4.895105361938477
0.0,-18.631935,18.631935119628906
0.0,-25.338171,25.338171005249023
0.0,-8.400263,8.400262832641602
552.0,19.227005,532.7729949951172
0.0,9.2641,-9.264100074768066
0.0,90.69319,-90.69319152832031
0.0,44.924847,-44.92484664916992
0.0,-5.700325,5.700325012207031
-744.0,-493.65182,-250.34817504882812
0.0,1.1475224,-1.1475224494934082
0.0,-1.7949773,1.7949773073196411
0.0,9.692269,-9.692269325256348
0.0,-23.278563,23.278562545776367
0.0,-3.2510877,3.2510876655578613
0.0,-25.985046,25.98504638671875
0.0,427.75443,-427.7544250488281
0.0,-16.411495,16.411495208740234
0.0,28.132088,-28.13208770751953
0.0,-1.5523263,1.5523263216018677
-264.0,-500.4996,236.49960327148438
0.0,-6.1577954,6.157795429229736
0.0,16.42478,-16.424779891967773
0.0,-6.4073863,6.407386302947998
0.0,-2.0503979,2.0503978729248047
168.0,-162.80777,330.8077697753906
0.0,2.2159085,-2.2159085273742676
24.0,-184.75699,208.75698852539062
384.0,105.60055,278.39945220947266
624.0,51.487835,572.5121650695801
0.0,33.685333,-33.685333251953125
0.0,40.55872,-40.558719635009766
0.0,-110.30938,110.30937957763672
-264.0,-269.4579,5.4578857421875
168.0,-406.57535,574.5753479003906
-480.0,-616.8014,136.8013916015625
0.0,8.509225,-8.509224891662598
0.0,7.0312896,-7.031289577484131
-480.0,-394.0622,-85.93780517578125
0.0,-30.361399,30.361398696899414
-672.0,69.16117,-741.1611709594727
0.0,44.198124,-44.198123931884766
0.0,16.00477,-16.004770278930664
-264.0,-519.8777,255.877685546875
312.0,-383.2857,695.2857055664062
0.0,-8.184182,8.184182167053223
0.0,8.909995,-8.909995079040527
1728.0,850.66907,877.3309326171875
0.0,22.952116,-22.952116012573242
0.0,6.6048727,-6.604872703552246
-192.0,209.86612,-401.8661193847656
936.0,77.445656,858.5543441772461
288.0,-372.74332,660.7433166503906
0.0,-365.20563,365.20562744140625
528.0,76.204544,451.7954559326172
0.0,-26.454493,26.454492568969727
-336.0,-197.08275,-138.91725158691406
0.0,-5.312661,5.312661170959473
288.0,146.5874,141.41259765625
-312.0,-387.01788,75.01788330078125
-3288.0,-2988.5913,-299.40869140625
0.0,8.471193,-8.471193313598633
-2304.0,-860.37115,-1443.6288452148438
0.0,-1.3427885,1.3427884578704834
0.0,-20.10744,20.107440948486328
0.0,-7.1222763,7.122276306152344
-192.0,-89.398834,-102.60116577148438
-1440.0,-897.00555,-542.9944458007812
-48.0,-230.19194,182.1919403076172
-456.0,-505.616,49.615997314453125
-768.0,-576.94586,-191.05413818359375
-600.0,-1472.7509,872.7508544921875
-72.0,-186.19867,114.19866943359375
-624.0,-130.71039,-493.28961181640625
-1128.0,-3.5095162,-1124.4904837608337
-456.0,-346.79044,-109.20956420898438
0.0,9.500439,-9.500438690185547
48.0,-373.54666,421.5466613769531
0.0,-3.7697105,3.7697105407714844
0.0,-4.973285,4.97328519821167
840.0,183.60832,656.3916778564453
0.0,6.868924,-6.868924140930176
-408.0,-291.89102,-116.10897827148438
0.0,1.6746414,-1.6746413707733154
-408.0,-297.12766,-110.87234497070312
-144.0,-86.47154,-57.52845764160156
192.0,4.3359046,187.66409540176392
-144.0,166.93309,-310.93309020996094
-336.0,-4.7114944,-331.2885055541992
0.0,3.0579247,-3.057924747467041
-432.0,-302.32715,-129.6728515625
-1176.0,-695.7132,-480.28680419921875
-1656.0,-964.3375,-691.6624755859375
-648.0,-1425.7068,777.706787109375
-1440.0,-261.61838,-1178.3816223144531
0.0,-466.11685,466.1168518066406
0.0,-329.1135,329.1134948730469
0.0,99.38905,-99.38905334472656
-144.0,-305.65717,161.65716552734375
-600.0,-400.29486,-199.70513916015625
528.0,-11.224804,539.2248039245605
0.0,-52.714073,52.714073181152344
0.0,22.111225,-22.111225128173828
0.0,234.75955,-234.75955200195312
-48.0,101.14365,-149.14364624023438
0.0,-3.909201,3.90920090675354
-504.0,45.837654,-549.8376541137695
528.0,109.91704,418.0829620361328
0.0,-2.5966911,2.596691131591797
0.0,-8.677968,8.67796802520752
0.0,-197.6513,197.65130615234375
-48.0,9.827588,-57.82758808135986
-96.0,-27.477266,-68.52273368835449
0.0,-11.322958,11.322957992553711
-336.0,0.44385242,-336.4438524246216
-864.0,-474.36243,-389.6375732421875
-456.0,-326.03378,-129.96621704101562
0.0,-4.7236295,4.723629474639893
-528.0,-663.4785,135.478515625
-216.0,-100.970345,-115.02965545654297
528.0,-60.16804,588.168041229248
1128.0,586.8457,541.154296875
-48.0,-332.85287,284.8528747558594
-48.0,-235.93399,187.93399047851562
-504.0,91.612206,-595.6122055053711
0.0,21.449326,-21.449325561523438
0.0,3.435844,-3.4358439445495605
-216.0,-144.4783,-71.52169799804688
-528.0,-508.88068,-19.11932373046875
0.0,-19.63104,19.631040573120117
336.0,407.41156,-71.41156005859375
0.0,-3.6821277,3.6821277141571045
-2664.0,-1696.6886,-967.3114013671875
-120.0,-122.413795,2.4137954711914062
312.0,-132.65619,444.65618896484375
-192.0,-346.89838,154.89837646484375
0.0,7.8536916,-7.853691577911377
-840.0,-207.21558,-632.784423828125
0.0,-3.766282,3.766282081604004
0.0,-7.8030014,7.803001403808594
0.0,-145.29047,145.29046630859375
0.0,-5.351463,5.3514628410339355
0.0,22.103628,-22.103628158569336
-1824.0,-1442.7621,-381.2379150390625
-912.0,-569.9745,-342.0255126953125
0.0,4.19834,-4.198339939117432
312.0,252.95226,59.04774475097656
0.0,-144.58894,144.5889434814453
-2184.0,-2378.494,194.493896484375
0.0,-9.58869,9.588689804077148
-912.0,50.253033,-962.2530326843262
0.0,106.30767,-106.30767059326172
-720.0,-555.1815,-164.8184814453125
0.0,3.8713422,-3.871342182159424
0.0,8.288115,-8.288114547729492
-120.0,-285.11475,165.11474609375
0.0,17.09948,-17.09947967529297
0.0,-14.183146,14.183146476745605
0.0,0.8744932,-0.8744931817054749
0.0,7.0372334,-7.037233352661133
0.0,82.1832,-82.18319702148438
0.0,45.443363,-45.443363189697266
0.0,-2.5035634,2.503563404083252
0.0,-10.100947,10.100947380065918
-1296.0,-200.65027,-1095.3497314453125
-312.0,0.64962864,-312.6496286392212
0.0,-8.365223,8.365222930908203
0.0,34.455547,-34.45554733276367
-792.0,-475.1136,-316.88641357421875
0.0,11.062519,-11.062519073486328
-384.0,-611.4187,227.418701171875
0.0,-18.076805,18.076805114746094
-216.0,-197.56087,-18.439132690429688
-360.0,3.9433017,-363.94330167770386
0.0,-6.972546,6.972546100616455
-336.0,-349.75455,13.754547119140625
120.0,-485.4882,605.4881896972656
-360.0,-428.91257,68.91256713867188
-24.0,-80.42116,56.42115783691406
0.0,-4.632374,4.632373809814453
0.0,5.3320355,-5.332035541534424
0.0,23.27021,-23.27021026611328
-192.0,-187.4566,-4.54339599609375
-672.0,-371.18945,-300.810546875
0.0,-53.783314,53.7833137512207
0.0,28.550081,-28.550081253051758
0.0,-50.907673,50.90767288208008
3960.0,3203.809,756.19091796875
-192.0,-511.7289,319.7289123535156
0.0,-42.19721,42.197208404541016
192.0,60.64639,131.35361099243164
1416.0,327.22946,1088.7705383300781
528.0,15.548446,512.4515542984009
0.0,-16.435244,16.435243606567383
0.0,291.1111,-291.1111145019531
72.0,-191.48224,263.48223876953125
0.0,-21.608534,21.60853385925293
-192.0,-331.1972,139.19720458984375
-648.0,-1295.3367,647.336669921875
0.0,-2.1284587,2.1284587383270264
0.0,6.2149444,-6.214944362640381
-2352.0,-2305.7334,-46.2666015625
0.0,-21.376064,21.37606430053711
0.0,-400.21805,400.2180480957031
0.0,-11.593638,11.59363842010498
-192.0,-215.47768,23.477676391601562
-672.0,-775.6344,103.6343994140625
-360.0,-192.06151,-167.93849182128906
-984.0,-166.08917,-817.9108276367188
0.0,1.4292053,-1.429205298423767
192.0,124.93178,67.06822204589844
0.0,-22.297556,22.297555923461914
0.0,29.89088,-29.890880584716797
0.0,40.910366,-40.91036605834961
0.0,24.540916,-24.540916442871094
-144.0,-40.165047,-103.83495330810547
0.0,352.17044,-352.1704406738281
-600.0,-145.6418,-454.3582000732422
-456.0,-285.76453,-170.2354736328125
48.0,200.63055,-152.63055419921875
0.0,-1.4804164,1.4804164171218872
0.0,1.1438944,-1.1438944339752197
0.0,-49.94732,49.94731903076172
960.0,274.44894,685.5510559082031
0.0,-3.983157,3.98315691947937
0.0,31.812084,-31.812084197998047
-72.0,-165.33304,93.33303833007812
-312.0,-777.86285,465.86285400390625
0.0,5.3577676,-5.357767581939697
-192.0,-251.32082,59.32081604003906
0.0,87.24364,-87.24363708496094
-888.0,-39.01621,-848.9837913513184
-120.0,-400.76053,280.7605285644531
-240.0,-285.35214,45.352142333984375
0.0,18.311829,-18.31182861328125
0.0,85.593155,-85.59315490722656
840.0,76.65926,763.3407363891602
0.0,-14.325106,14.325105667114258
0.0,4.026583,-4.026583194732666
0.0,-28.80894,28.808940887451172
0.0,10.095102,-10.095102310180664
0.0,15.304442,-15.304442405700684
-360.0,-335.08984,-24.91015625
-288.0,-276.12234,-11.877655029296875
360.0,-145.38023,505.38023376464844
0.0,16.965576,-16.965576171875
0.0,-44.991673,44.99167251586914
0.0,-16.11711,16.117109298706055
-240.0,201.02396,-441.0239562988281
240.0,-433.32285,673.3228454589844
0.0,-9.639684,9.639683723449707
-2448.0,-666.9883,-1781.01171875
0.0,20.227682,-20.22768211364746
-552.0,-290.43024,-261.56976318359375
-624.0,-515.24786,-108.75213623046875
-72.0,-2.1043694,-69.89563059806824
0.0,-0.29723507,0.29723507165908813
-2976.0,-3007.5464,31.54638671875
0.0,5.898235,-5.898234844207764
0.0,-5.51391,5.513909816741943
0.0,-19.04753,19.047529220581055
-384.0,-65.825325,-318.17467498779297
-2424.0,-1200.1521,-1223.847900390625
-744.0,-373.4439,-370.55609130859375
-192.0,-466.60504,274.60504150390625
-1320.0,-420.16254,-899.8374633789062
-624.0,-574.5583,-49.44171142578125
-192.0,-416.95602,224.95602416992188
0.0,-35.75368,35.75368118286133
-48.0,242.94759,-290.9475860595703
0.0,-16.262197,16.262197494506836
-744.0,-563.2292,-180.77081298828125
0.0,-15.299133,15.29913330078125
0.0,-10.411917,10.411916732788086
0.0,12.098982,-12.098981857299805
696.0,241.24167,454.7583312988281
0.0,18.218662,-18.21866226196289
48.0,-179.3399,227.33990478515625
0.0,-53.5886,53.588600158691406
0.0,1.6432539,-1.6432539224624634
0.0,-155.88069,155.8806915283203
312.0,612.23846,-300.23846435546875
3432.0,2684.829,747.1708984375
0.0,4.1005397,-4.100539684295654
0.0,19.719067,-19.719066619873047
0.0,24.631794,-24.631793975830078
-2976.0,-3018.856,42.85595703125
-1440.0,-153.867,-1286.1329956054688
0.0,-6.7430763,6.743076324462891
0.0,-14.903353,14.903352737426758
0.0,16.78379,-16.783790588378906
144.0,-66.80505,210.8050537109375
0.0,-3.9640002,3.9640002250671387
0.0,-6.445971,6.4459710121154785
-648.0,-496.9719,-151.02810668945312
0.0,3.8229146,-3.8229146003723145
-48.0,-198.77214,150.7721405029297
240.0,-115.80285,355.80284881591797
0.0,-6.077411,6.07741117477417
0.0,-9.767113,9.767112731933594
0.0,-26.429316,26.4293155670166
-3600.0,-1401.652,-2198.3480224609375
0.0,-102.13625,102.1362533569336
0.0,-1.5692431,1.56924307346344
-408.0,-215.69844,-192.3015594482422
0.0,23.535467,-23.53546714782715
624.0,124.02574,499.97425842285156
0.0,55.197807,-55.19780731201172
-1800.0,-1394.1288,-405.8712158203125
0.0,-1.8818048,1.8818048238754272
0.0,-127.51457,127.51457214355469
0.0,-35.262966,35.26296615600586
-432.0,-99.60854,-332.3914566040039
0.0,-3.11003,3.110029935836792
0.0,4.2942886,-4.294288635253906
0.0,-12.655133,12.655133247375488
-336.0,-35.80735,-300.1926498413086
-24.0,408.60992,-432.60992431640625
-312.0,-281.3467,-30.653289794921875
-1800.0,-897.498,-902.5020141601562
0.0,3.879403,-3.8794031143188477
-768.0,-496.10193,-271.8980712890625
0.0,-318.3512,318.3511962890625
336.0,-193.2148,529.2147979736328
-120.0,-303.23022,183.230224609375
-312.0,-459.9157,147.91571044921875
-264.0,-350.2559,86.25588989257812
